[
  {
    "id": "c1d68691-2133-49d0-937d-fd53380725e8",
    "data": [
      {
        "text": "deserts and drinks",
        "userDefined": false
      }
    ],
    "isTemplate": false,
    "count": 0,
    "lang": "en",
    "updated": 0
  },
  {
    "id": "f9f750e2-f2ee-4e5d-8627-c017e54e25ae",
    "data": [
      {
        "text": "drinks",
        "userDefined": false
      }
    ],
    "isTemplate": false,
    "count": 0,
    "lang": "en",
    "updated": 0
  },
  {
    "id": "af5d2c3c-fd55-436e-8359-100345b01550",
    "data": [
      {
        "text": "deserts",
        "userDefined": false
      }
    ],
    "isTemplate": false,
    "count": 0,
    "lang": "en",
    "updated": 0
  }
]