[
  {
    "id": "6ab4b8a6-2d65-4117-8ff5-3e8a04711e0a",
    "data": [
      {
        "text": "biryani",
        "userDefined": false
      }
    ],
    "isTemplate": false,
    "count": 0,
    "lang": "en",
    "updated": 0
  },
  {
    "id": "89de2c8f-e89a-4a1a-85f9-ea45d1ea4e76",
    "data": [
      {
        "text": "sonpapadi",
        "userDefined": false
      }
    ],
    "isTemplate": false,
    "count": 0,
    "lang": "en",
    "updated": 0
  },
  {
    "id": "aed1ff84-1eec-4480-b15a-390aeac54c12",
    "data": [
      {
        "text": "pizza",
        "userDefined": false
      }
    ],
    "isTemplate": false,
    "count": 0,
    "lang": "en",
    "updated": 0
  },
  {
    "id": "e247b9b0-94be-4112-90d8-5894cf9cf66f",
    "data": [
      {
        "text": "burger",
        "userDefined": false
      }
    ],
    "isTemplate": false,
    "count": 0,
    "lang": "en",
    "updated": 0
  },
  {
    "id": "bfca8999-f5ea-42f4-a28b-b7d17284635b",
    "data": [
      {
        "text": "coca cola",
        "userDefined": false
      }
    ],
    "isTemplate": false,
    "count": 0,
    "lang": "en",
    "updated": 0
  },
  {
    "id": "8d83d156-7c2c-4941-a9a8-125bc57243ea",
    "data": [
      {
        "text": "chapati",
        "userDefined": false
      }
    ],
    "isTemplate": false,
    "count": 0,
    "lang": "en",
    "updated": 0
  },
  {
    "id": "210ce240-31a3-46eb-bd9d-5e44957d3079",
    "data": [
      {
        "text": "meals",
        "userDefined": false
      }
    ],
    "isTemplate": false,
    "count": 0,
    "lang": "en",
    "updated": 0
  }
]